<?xml version="1.0" encoding="UTF-8" ?>
<!DOCTYPE mapper PUBLIC "-//mybatis.org//DTD Mapper 3.0//EN"
"http://mybatis.org/dtd/mybatis-3-mapper.dtd">
<mapper
	namespace="com.hospital301.scientificmanagement.dao.scientificpayoffs.reward.ProjectRewardMapper">

	<resultMap id="ProjectResult" type="com.ccb.sm.entities.ProjectReward"> 
		</resultMap> 

	<resultMap type="com.ccb.sm.entities.ProjectReward" id="BaseResultMap">
		<constructor>

			<idArg javaType="java.lang.Integer" jdbcType="INTEGER" column="id" />

			<arg javaType="java.lang.String" jdbcType="VARCHAR" column="result_id" />

			<arg javaType="java.lang.Integer" jdbcType="INTEGER" column="year" />

			<arg javaType="java.lang.String" jdbcType="VARCHAR" column="type" />

			<arg javaType="java.lang.String" jdbcType="VARCHAR" column="level" />

			<arg javaType="java.lang.String" jdbcType="VARCHAR" column="title" />

			<arg javaType="java.lang.String" jdbcType="VARCHAR" column="domain" />

			<arg javaType="java.lang.String" jdbcType="VARCHAR" column="summary" />

			<arg javaType="java.lang.String" jdbcType="VARCHAR" column="expect_benefit" />

			<arg javaType="java.util.Date" jdbcType="TIMESTAMP" column="created_time" />

			<arg javaType="java.util.Date" jdbcType="TIMESTAMP" column="modified_time" />

			<arg javaType="java.lang.Boolean" jdbcType="BIT" column="deleted" />

			<arg javaType="java.util.Date" jdbcType="TIMESTAMP" column="deleted_time" />
		</constructor>
	</resultMap>
	
	<resultMap id="Resultcount" type="java.lang.Integer" autoMapping="true">
		<result column="COUNT" />
	</resultMap>
	<select id="getReslutByPage" resultMap="ProjectResult,Resultcount"
		parameterType="java.util.Map">
		select
		SQL_CALC_FOUND_ROWS * from project_reward where
		year=#{year} and level=#{level}
		and type=#{type} and domain=#{domain}
		limit #{pageStart} ,#{pageEnd};
		SELECT FOUND_ROWS() AS COUNT;
	</select>
	<select id="getResultListOfPage" resultType="com.ccb.sm.entities.ProjectReward"
		parameterType="java.util.Map">
		select * from project_reward
		where
		year=#{year} and
		level=#{level} and
		type=#{type} and domain=#{domain} limit #{start}
		,#{end}
		<!-- <where> <trim suffixOverrides="and"> <if test = "year!=null">year=#{year} 
			and</if> <if test = "level!=null">level=#{level} and</if> <if test = "type!=null">type=#{type} 
			and </if> <if test = "domain!=null">domain=#{domain}</if> </trim> limit #{start},#{end} 
			</where> -->
	</select>

	<select id="getResultListTotal" resultType="Integer"
		parameterType="java.util.Map">
		select count(1) from project_reward
		<where>
			<trim suffixOverrides="and">
				<if test="year!=null">year=#{year} and</if>
				<if test="level!=null">level=#{level} and</if>
				<if test="type!=null">type=#{type} and </if>
				<if test="domain!=null">domain=#{domain} and </if>
				<if test="result_id != null">result_id=#{result_id} and </if>
			</trim>
		</where>
		<!-- where year=#{year} and level=#{level} and type=#{type} and domain=#{domain} -->
	</select>

	<!-- 根据result_id批量插入数据 -->
	<insert id="Batchinsert" parameterType="com.ccb.sm.entities.ProjectReward">
		<foreach collection="list" item="result" index="index" open=""
			close="" separator=";">
			insert into project_reward

			<trim suffixOverrides="," suffix=")" prefix="(">

				<!-- <if test="id != null">id, </if> -->

				<if test="result.result_id != null">result_id, </if>

				<if test="result.year != null">year, </if>

				<if test="result.type != null">type, </if>

				<if test="result.level != null">level, </if>

				<if test="result.title != null">title, </if>

				<if test="result.domain != null">domain, </if>

				<if test="result.summary != null">summary, </if>

				<if test="result.expect_benefit != null">expect_benefit, </if>

				<if test="result.created_time != null">created_time, </if>

				<if test="result.modified_time != null">modified_time, </if>

				<if test="result.deleted != null">deleted, </if>

				<if test="result.deleted_time != null">deleted_time, </if>

			</trim>
			<trim suffixOverrides="," suffix=")" prefix="values (">

				<if test="result.id != null">#{result.id,jdbcType=INTEGER}, </if>

				<if test="result.result_id != null">#{result.result_id,jdbcType=VARCHAR}, </if>

				<if test="result.year != null">#{result.year,jdbcType=INTEGER}, </if>

				<if test="result.type != null">#{result.type,jdbcType=VARCHAR}, </if>

				<if test="result.level != null">#{result.level,jdbcType=VARCHAR}, </if>

				<if test="result.title != null">#{result.title,jdbcType=VARCHAR}, </if>

				<if test="result.domain != null">#{result.domain,jdbcType=VARCHAR}, </if>

				<if test="result.summary != null">#{result.summary,jdbcType=VARCHAR}, </if>

				<if test="result.expect_benefit != null">#{result.expect_benefit,jdbcType=VARCHAR}, </if>

				<if test="result.created_time != null">#{result.created_time,jdbcType=TIMESTAMP}, </if>

				<if test="result.modified_time != null">#{result.modified_time,jdbcType=TIMESTAMP}, </if>

				<if test="result.deleted != null">#{result.deleted}, </if>

				<if test="result.deleted_time != null">#{result.deleted_time,jdbcType=TIMESTAMP}, </if>
			</trim>
		</foreach>
	</insert>
	<!-- 根据result_id插入数据 -->
<!-- 	<insert id="insert" parameterType="com.ccb.sm.entities.ProjectResult">
		close="" separator=";">
		insert into project_result
		<trim suffixOverrides="," suffix=")" prefix="(">

			<if test="id != null">id, </if>

			<if test="result_id != null">result_id, </if>

			<if test="year != null">year, </if>

			<if test="type != null">type, </if>

			<if test="level != null">level, </if>

			<if test="title != null">title, </if>

			<if test="domain != null">domain, </if>

			<if test="summary != null">summary, </if>

			<if test="expect_benefit != null">expect_benefit, </if>

			<if test="created_time != null">created_time, </if>

			<if test="modified_time != null">modified_time, </if>

			<if test="deleted != null">deleted, </if>

			<if test="deleted_time != null">deleted_time, </if>

		</trim>
		<trim suffixOverrides="," suffix=")" prefix="values (">

			<if test="id != null">#{id,jdbcType=INTEGER}, </if>

			<if test="result_id != null">#{result_id,jdbcType=VARCHAR}, </if>

			<if test="year != null">#{year,jdbcType=INTEGER}, </if>

			<if test="type != null">#{type,jdbcType=VARCHAR}, </if>

			<if test="level != null">#{level,jdbcType=VARCHAR}, </if>

			<if test="title != null">#{title,jdbcType=VARCHAR}, </if>

			<if test="domain != null">#{domain,jdbcType=VARCHAR}, </if>

			<if test="summary != null">#{summary,jdbcType=VARCHAR}, </if>

			<if test="expect_benefit != null">#{expect_benefit,jdbcType=VARCHAR}, </if>

			<if test="created_time != null">#{created_time,jdbcType=TIMESTAMP}, </if>

			<if test="modified_time != null">#{modified_time,jdbcType=TIMESTAMP}, </if>

			<if test="deleted != null">#{deleted}, </if>

			<if test="deleted_time != null">#{deleted_time,jdbcType=TIMESTAMP}, </if>
		</trim>
	</insert> -->

	<!--根据ResultId 批量更新数据 -->
	<update id="BatchupdateByResultId" parameterType="com.ccb.sm.entities.ProjectReward">
		<foreach collection="list" item="result" index="index" open=""
			close="" separator=";">
			update project_reward

			<set>
				<trim suffixOverrides=",">
					<if test="result.result_id != null">result_id=#{result.result_id,jdbcType=VARCHAR}, </if>

					<if test="result.year != null">year=#{result.result.year,jdbcType=INTEGER}, </if>

					<if test="result.type != null">type=#{result.type,jdbcType=VARCHAR}, </if>

					<if test="result.level != null">level=#{result.level,jdbcType=VARCHAR}, </if>

					<if test="result.title != null">title=#{result.title,jdbcType=VARCHAR}, </if>

					<if test="result.domain != null">domain=#{result.domain,jdbcType=VARCHAR}, </if>

					<if test="result.summary != null">summary=#{result.summary,jdbcType=VARCHAR}, </if>

					<if test="result.expect_benefit != null">expect_benefit=#{result.expect_benefit,jdbcType=VARCHAR},
					</if>

					<if test="result.created_time != null">created_time=#{result.created_time,jdbcType=TIMESTAMP},
					</if>

					<if test="result.modified_time != null">modified_time=#{result.modified_time,jdbcType=TIMESTAMP},
					</if>

					<if test="result.deleted != null">deleted=#{result.deleted}, </if>

					<if test="result.deleted_time != null">deleted_time =
						#{result.deleted_time,jdbcType=TIMESTAMP}, </if>
				</trim>
			</set>
			<where>
				result_id = #{result_id,jdbcType=INTEGER}
			</where>
		</foreach>
	</update>

	<!--根据ResultId更新数据 -->
	<update id="updateByResultId" parameterType="com.ccb.sm.entities.ProjectReward">
		close="" separator=";">
		update project_reward
		<set>
			<trim suffixOverrides=",">
				<if test="result_id != null">result_id=#{result_id,jdbcType=VARCHAR}, </if>

				<if test="year != null">year=#{year,jdbcType=INTEGER}, </if>

				<if test="type != null">type=#{type,jdbcType=VARCHAR}, </if>

				<if test="level != null">level=#{level,jdbcType=VARCHAR}, </if>

				<if test="title != null">title=#{title,jdbcType=VARCHAR}, </if>

				<if test="domain != null">domain=#{domain,jdbcType=VARCHAR}, </if>

				<if test="summary != null">summary=#{summary,jdbcType=VARCHAR}, </if>

				<if test="expect_benefit != null">expect_benefit=#{expect_benefit,jdbcType=VARCHAR},
				</if>

				<if test="created_time != null">created_time=#{created_time,jdbcType=TIMESTAMP},
				</if>

				<if test="modified_time != null">modified_time=#{modified_time,jdbcType=TIMESTAMP},
				</if>

				<if test="deleted != null">deleted=#{deleted}, </if>

				<if test="deleted_time != null">deleted_time = #{deleted_time,jdbcType=TIMESTAMP}, </if>
			</trim>
		</set>
		<where>
			result_id = #{result_id,jdbcType=INTEGER}
		</where>
	</update>

	<!-- 根据result_id删除数据 -->
	<delete id="deleteByresultId" parameterType="java.lang.Integer">
		delete from project_result where result_id = #{result_id,jdbcType=INTEGER}
	</delete>

	<select id="getResultList" resultType="com.ccb.sm.entities.ProjectReward"
		parameterType="java.util.Map">
		select * from project_result
		where
		result_id=#{result_id}
		<!-- <where> <trim suffixOverrides="and"> <if test = "year!=null">year=#{year} 
			and</if> <if test = "level!=null">level=#{level} and</if> <if test = "type!=null">type=#{type} 
			and </if> <if test = "domain!=null">domain=#{domain}</if> </trim> limit #{start},#{end} 
			</where> -->
	</select>
</mapper>