<?xml version="1.0" encoding="UTF-8" ?>
<!DOCTYPE mapper PUBLIC "-//mybatis.org//DTD Mapper 3.0//EN"
"http://mybatis.org/dtd/mybatis-3-mapper.dtd">
<mapper
	namespace="com.hospital301.scientificmanagement.dao.scientificpayoffs.patent.ProjectPatentMapper">


	<select id="getPatentList" resultType="com.ccb.sm.entities.ProjectPatent"
		parameterType="java.util.Map">
		select * from project_result where inventor=#{inventor}
		and title like CONCAT{'%',#{title},'%'} limit #{start},#{end};
	</select>

	<select id="getPatentListTotal" resultType="Integer">
		select count(1) from
		project_result 
		<where>
			<trim suffixOverrides="and">
				<if test = "inventor != null">inventor=#{inventor} and </if>
				<if test = "title != null">title like CONCAT{'%',#{title},'%'} and </if>
				<if test ="patent_id != null"> patent_id = #{patent_id} and </if>
			</trim>
		</where>
	</select>

	<!-- <insert id="insert" parameterType="com.ccb.sm.entities.ProjectPatent">
		insert into project_patent
		<trim suffixOverrides="," suffix=")" prefix="(">

			<if test="id != null">id, </if>

			<if test="patent_id != null">patent_id, </if>

			<if test="title != null">title, </if>

			<if test="type != null">type, </if>

			<if test="proposer != null">proposer, </if>

			<if test="proposer_name != null">proposer_name, </if>

			<if test="apply_date != null">apply_date, </if>

			<if test="auth_date != null">auth_date, </if>

			<if test="inventor != null">inventor, </if>

			<if test="inventor_name != null">inventor_name, </if>

			<if test="patentee != null">patentee, </if>

			<if test="chief_editor_name != null">chief_editor_name, </if>

			<if test="patent_property != null">patent_property, </if>

			<if test="transform_desc != null">transform_desc, </if>

			<if test="auth_note != null">auth_note, </if>

			<if test="law_status != null">law_status, </if>

			<if test="ipc_no != null">ipc_no, </if>

			<if test="created_time != null">created_time, </if>

			<if test="modified_time != null">modified_time, </if>

			<if test="deleted != null">deleted, </if>

			<if test="deleted_time != null">deleted_time, </if>

		</trim>
		<trim suffixOverrides="," suffix=")" prefix="values (">

			<if test="id != null">#{id}, </if>

			<if test="patent_id != null">#{patent_id}, </if>

			<if test="title != null">#{title}, </if>

			<if test="type != null">#{type}, </if>

			<if test="proposer != null">#{proposer}, </if>

			<if test="proposer_name != null">#{proposer_name}, </if>

			<if test="apply_date != null">#{apply_date}, </if>

			<if test="auth_date != null">#{auth_date}, </if>

			<if test="inventor != null">#{inventor}, </if>

			<if test="inventor_name != null">#{inventor_name}, </if>

			<if test="patentee != null">#{patentee}, </if>

			<if test="chief_editor_name != null">#{chief_editor_name}, </if>

			<if test="patent_property != null">#{patent_property}, </if>

			<if test="transform_desc != null">#{transform_desc}, </if>

			<if test="auth_note != null">#{auth_note}, </if>

			<if test="law_status != null">#{law_status}, </if>

			<if test="ipc_no != null">#{ipc_no}, </if>

			<if test="created_time != null">#{created_time}, </if>

			<if test="modified_time != null">#{modified_time}, </if>

			<if test="deleted != null">#{deleted}, </if>

			<if test="deleted_time != null">#{deleted_time}, </if>
		</trim>
	</insert>
 -->

<!-- <update id="updateById" parameterType="com.ccb.sm.entities.ProjectPatent">
	update project_patent
	<set>
		<if test="patent_id != null">patent_id = #{patent_id}, </if>

		<if test="title != null">title = #{title}, </if>

		<if test="type != null">type = #{type}, </if>

		<if test="proposer != null">proposer = #{proposer}, </if>

		<if test="proposer_name != null">proposer_name = #{proposer_name}, </if>

		<if test="apply_date != null">apply_date = #{apply_date}, </if>

		<if test="auth_date != null">auth_date = #{auth_date}, </if>

		<if test="inventor != null">inventor = #{inventor}, </if>

		<if test="inventor_name != null">inventor_name = #{inventor_name}, </if>

		<if test="patentee != null">`patentee` = #{patentee}, </if>

		<if test="chief_editor_name != null">chief_editor_name = #{chief_editor_name},
		</if>

		<if test="patent_property != null">patent_property = #{patent_property}, </if>

		<if test="transform_desc != null">transform_desc = #{transform_desc}, </if>

		<if test="auth_note != null">auth_note = #{auth_note}, </if>

		<if test="law_status != null">law_status = #{law_status}, </if>

		<if test="ipc_no != null">ipc_no = #{ipc_no}, </if>

		<if test="created_time != null">created_time = #{created_time}, </if>

		<if test="modified_time != null">modified_time = #{modified_time}, </if>

		<if test="deleted != null">deleted = #{deleted,jdbcType=BIT}, </if>

		<if test="deleted_time != null">deleted_time = #{deleted_time}, </if>

	</set>
	     where patent_id = #{patent_id}
</update>
 -->

</mapper>